candidate_id,centroid_z_mm,centroid_y_mm,centroid_x_mm,equiv_diameter_mm,voxel_count,mean_hu,max_hu,sphericity,slice_range
1,227.48,208.25,199.51,9.39,558,-198.5,238.0,0.359,109-119
2,121.9,134.33,250.29,9.18,522,-142.2,190.0,0.338,54-68
3,408.34,121.09,96.96,9.15,516,-45.1,399.0,0.523,201-207
4,76.79,115.7,248.19,8.57,424,-261.2,11.0,0.392,34-42
5,116.25,110.03,236.19,8.3,385,-261.3,88.0,0.381,55-61
6,139.32,125.22,260.79,8.1,359,-53.4,292.0,0.356,64-76
7,149.89,140.59,249.1,7.94,337,-60.4,262.0,0.408,68-80
8,129.43,161.55,252.85,7.74,313,-231.4,158.0,0.446,60-68
9,95.21,125.83,265.59,7.37,270,-161.9,166.0,0.384,41-57
10,224.0,192.96,226.53,7.31,263,-344.2,-220.0,0.405,112-112
11,153.13,131.98,244.0,7.19,251,-17.0,366.0,0.361,71-81
12,477.26,187.18,113.25,7.15,247,-171.9,254.0,0.384,232-251
13,398.3,199.06,200.08,6.86,218,-190.7,329.0,0.349,191-204
14,340.71,105.06,197.81,6.83,215,-326.0,-78.0,0.306,167-174
15,140.06,136.77,262.2,6.57,191,-17.5,318.0,0.483,64-76
16,100.13,108.92,239.08,6.46,182,-290.8,72.0,0.409,47-54
17,437.69,157.29,195.69,6.27,166,-315.5,-78.0,0.345,214-222
18,63.93,122.89,257.14,6.24,164,-188.9,56.0,0.426,27-39
19,417.95,210.25,186.95,6.11,154,-331.2,-112.0,0.321,204-218
20,631.8,150.89,203.23,6.03,148,-271.3,380.0,0.359,313-319
21,691.82,181.68,198.96,5.82,133,-309.9,38.0,0.366,343-350
22,442.32,180.53,105.23,5.79,131,-197.8,286.0,0.404,217-225
23,321.72,113.46,63.75,5.64,121,-210.2,79.0,0.393,152-167
24,227.75,169.04,241.7,5.62,120,-223.6,186.0,0.458,112-116
25,642.58,153.84,163.93,5.53,114,-230.2,131.0,0.472,318-326
26,298.43,96.48,195.85,5.5,112,-326.9,-162.0,0.381,146-151
27,270.0,156.07,100.11,5.48,111,-337.8,-170.0,0.529,135-135
28,476.69,176.01,209.97,5.46,110,-144.8,298.0,0.435,234-243
29,519.0,137.73,175.53,5.46,110,-328.5,-149.0,0.308,257-264
30,94.39,137.44,245.34,5.41,107,-130.1,222.0,0.509,42-52
31,555.89,139.13,138.41,5.4,106,-236.3,40.0,0.406,271-283
32,305.67,119.71,120.14,5.36,104,-308.6,-121.0,0.344,149-157
33,489.96,190.27,202.37,5.33,102,-207.6,163.0,0.355,237-254
34,674.91,201.71,122.39,5.31,101,-253.1,34.0,0.377,335-343
35,569.78,172.06,141.42,5.28,99,-254.5,42.0,0.31,272-301
36,249.34,102.77,59.96,5.18,94,-196.3,142.0,0.419,118-132
37,506.85,205.33,188.44,5.15,92,-315.3,38.0,0.354,251-258
38,106.58,155.95,248.73,5.11,90,-95.7,247.0,0.552,51-57
39,689.8,191.32,118.09,5.07,88,-225.9,77.0,0.526,341-347
40,207.19,232.1,193.23,4.99,84,-197.7,286.0,0.381,93-115
41,437.37,180.08,194.16,4.95,82,-184.3,76.0,0.573,216-221
42,287.14,165.18,117.85,4.93,81,-218.9,136.0,0.373,138-150
43,299.98,98.75,213.1,4.93,81,-310.8,-61.0,0.355,146-157
44,268.23,219.66,188.18,4.89,79,-262.3,-37.0,0.422,132-136
45,232.97,171.58,208.19,4.87,78,-337.2,-165.0,0.434,116-118
46,319.46,105.45,228.95,4.87,78,-224.3,83.0,0.438,151-166
47,447.26,147.93,117.87,4.87,78,-211.1,143.0,0.432,215-229
48,497.72,159.92,203.56,4.87,78,-179.9,272.0,0.562,245-253
49,226.0,183.76,218.77,4.85,77,-349.7,-263.0,0.544,113-113
50,218.44,209.52,209.57,4.74,72,-330.2,-4.0,0.453,109-110
51,512.28,155.19,123.79,4.74,72,-190.2,200.0,0.408,250-266
52,111.55,151.82,273.75,4.72,71,-251.9,-19.0,0.455,54-59
53,479.1,148.04,125.62,4.68,69,-129.3,319.0,0.501,235-244
54,220.0,202.44,209.07,4.65,68,-353.4,-275.0,0.614,110-110
55,539.85,146.68,130.33,4.65,68,-177.2,263.0,0.357,262-276
56,417.1,121.89,112.56,4.63,67,-226.4,219.0,0.435,201-216
57,265.85,175.0,189.83,4.58,65,-342.2,-146.0,0.402,131-135
58,673.84,165.23,124.03,4.49,61,-286.5,-12.0,0.563,335-339
59,255.27,104.05,228.99,4.46,60,-281.5,99.0,0.36,120-134
60,490.75,159.32,193.94,4.44,59,-326.9,-143.0,0.414,242-248
61,224.0,181.06,236.24,4.39,57,-352.7,-266.0,0.543,112-112
62,416.7,111.53,62.09,4.39,57,-240.2,52.0,0.761,207-210
63,680.18,180.45,207.47,4.39,57,-272.1,-8.0,0.429,338-341
64,462.79,155.38,115.65,4.36,56,-288.5,51.0,0.434,227-236
65,285.85,106.3,60.48,4.34,55,-160.3,192.0,0.453,136-149
66,268.0,146.54,104.91,4.31,54,-346.1,-204.0,0.561,134-134
67,371.67,150.49,239.86,4.31,54,-261.7,9.0,0.466,181-191
68,470.79,177.43,112.78,4.28,53,-199.9,284.0,0.431,232-238
69,686.04,180.71,106.79,4.28,53,-291.4,-23.0,0.441,342-344
70,423.8,114.18,70.49,4.23,51,-252.4,-39.0,0.812,211-213
71,518.86,218.19,192.08,4.23,51,-211.2,256.0,0.454,252-268
72,244.04,195.65,195.5,4.2,50,-250.9,-11.0,0.472,116-125
73,449.28,179.9,196.76,4.2,50,-177.7,135.0,0.448,222-228
74,448.6,132.7,85.41,4.2,50,-292.2,-70.0,0.465,223-227
75,260.16,99.33,134.82,4.17,49,-331.0,-198.0,0.379,128-135
76,286.86,190.02,198.88,4.17,49,-308.6,-82.0,0.394,138-148
77,324.9,148.22,233.67,4.17,49,-240.1,26.0,0.449,155-169
78,559.39,224.26,223.23,4.17,49,-223.5,79.0,0.459,274-285
79,688.9,184.97,190.07,4.17,49,-224.1,237.0,0.523,343-346
80,514.75,152.67,187.37,4.14,48,-284.3,39.0,0.383,253-262
81,539.58,175.74,132.55,4.14,48,-220.7,67.0,0.485,267-272
82,608.79,150.84,191.77,4.14,48,-275.2,-72.0,0.469,300-308
83,384.09,165.29,125.8,4.12,47,-211.4,117.0,0.408,183-198
84,374.74,187.29,130.95,4.09,46,-247.6,-12.0,0.442,183-192
85,481.78,111.47,96.53,4.09,46,-272.9,34.0,0.468,239-247
86,607.3,139.47,88.45,4.09,46,-359.7,-323.0,0.543,303-304
87,228.58,157.74,222.86,4.06,45,-360.2,-260.0,0.539,114-115
88,106.77,136.04,262.47,4.03,44,-164.6,125.0,0.493,50-55
89,262.0,134.41,107.48,4.03,44,-358.1,-318.0,0.575,131-131
90,317.4,139.24,81.21,3.99,43,-275.9,12.0,0.456,153-163
91,226.0,172.2,235.26,3.96,42,-318.0,-176.0,0.674,113-113
92,417.57,204.55,193.69,3.96,42,-347.0,-204.0,0.384,200-215
93,508.29,208.2,189.9,3.96,42,-245.2,43.0,0.526,250-260
94,114.05,126.3,236.18,3.93,41,-275.4,30.0,0.485,55-58
95,250.73,197.11,220.51,3.93,41,-277.1,48.0,0.473,123-128
96,268.0,181.02,76.95,3.93,41,-338.7,-159.0,0.553,134-134
97,308.49,155.69,26.79,3.93,41,-354.5,-321.0,0.406,149-159
98,673.71,186.88,185.94,3.93,41,-245.1,97.0,0.523,335-338
99,266.0,188.18,79.86,3.9,40,-351.9,-278.0,0.551,133-133
100,350.7,201.29,273.36,3.9,40,-261.0,-49.0,0.479,171-178
101,270.0,154.34,110.79,3.87,39,-363.2,-301.0,0.547,135-135
102,414.46,208.45,268.44,3.87,39,-283.7,28.0,0.487,203-210
103,220.0,203.16,237.59,3.83,38,-346.8,-201.0,0.628,110-110
104,322.0,168.08,63.09,3.83,38,-254.6,83.0,0.578,159-163
105,333.89,140.12,42.94,3.83,38,-236.9,-3.0,0.509,163-171
106,350.89,100.18,118.02,3.83,38,-256.9,20.0,0.491,171-180
107,238.81,175.03,183.55,3.8,37,-339.9,-162.0,0.387,117-122
108,302.81,223.84,249.56,3.8,37,-262.8,3.0,0.468,148-155
109,428.54,168.46,105.24,3.8,37,-246.2,14.0,0.595,212-218
110,211.22,110.04,65.09,3.77,36,-273.9,-115.0,0.497,102-109
111,495.94,200.12,195.27,3.77,36,-343.9,-49.0,0.417,240-255
112,559.22,229.3,248.54,3.77,36,-274.1,-108.0,0.448,274-284
113,192.23,103.8,67.66,3.73,35,-231.7,-95.0,0.547,94-98
114,222.57,111.58,238.95,3.73,35,-239.6,-27.0,0.479,108-114
115,695.6,186.13,122.4,3.73,35,-302.6,-56.0,0.502,347-349
116,263.82,174.38,197.43,3.69,34,-324.2,-182.0,0.534,129-133
117,332.59,164.67,126.42,3.69,34,-234.5,41.0,0.394,159-173
118,419.41,164.54,110.54,3.69,34,-237.1,156.0,0.539,208-212
119,222.0,197.98,236.47,3.66,33,-362.2,-324.0,0.581,111-111
120,228.0,168.22,227.0,3.66,33,-357.8,-297.0,0.586,114-114
121,287.7,193.22,276.93,3.66,33,-247.0,-2.0,0.561,140-147
122,618.3,212.16,94.91,3.66,33,-327.0,-151.0,0.535,306-312
123,683.7,201.81,203.19,3.66,33,-323.6,-85.0,0.518,340-343
124,205.19,96.34,71.88,3.62,32,-274.8,-102.0,0.521,100-105
125,252.81,234.75,207.42,3.62,32,-311.8,-178.0,0.527,125-129
126,266.0,142.58,100.33,3.62,32,-359.8,-320.0,0.734,133-133
127,644.88,155.41,204.75,3.62,32,-292.0,-91.0,0.49,321-324
128,257.48,155.78,220.18,3.58,31,-322.5,-177.0,0.53,128-130
129,281.55,106.72,70.22,3.58,31,-207.5,34.0,0.516,136-145
130,363.03,140.02,222.05,3.58,31,-256.6,-7.0,0.59,180-183
131,677.61,207.13,106.44,3.58,31,-320.0,-71.0,0.551,338-340
132,64.0,134.33,256.22,3.54,30,-360.7,-308.0,0.715,32-32
133,206.0,209.39,275.18,3.54,30,-282.3,-83.0,0.511,98-106
134,214.07,219.52,218.05,3.54,30,-313.6,-117.0,0.551,106-111
135,329.4,180.62,147.45,3.54,30,-223.5,-43.0,0.459,158-171
136,197.66,95.52,83.14,3.5,29,-318.7,-106.0,0.66,97-99
137,218.21,133.07,243.29,3.5,29,-257.4,-20.0,0.524,107-112
138,252.97,176.56,269.41,3.5,29,-233.4,6.0,0.53,122-130
139,268.0,151.31,75.78,3.5,29,-345.4,-276.0,0.736,134-134
140,286.28,209.39,193.32,3.5,29,-190.3,109.0,0.59,141-146
141,291.93,105.83,225.54,3.5,29,-300.0,-115.0,0.478,144-147
142,304.76,152.84,124.91,3.5,29,-242.1,-51.0,0.468,148-158
143,339.03,177.63,280.35,3.5,29,-255.1,23.0,0.522,166-172
144,472.14,121.26,146.22,3.5,29,-359.1,-230.0,0.521,234-239
145,609.86,173.08,237.85,3.5,29,-304.5,-146.0,0.523,303-308
146,71.0,121.05,251.73,3.46,28,-234.0,120.0,0.592,34-37
147,204.36,236.11,115.66,3.46,28,-298.1,-73.0,0.473,97-106
148,256.86,208.03,240.85,3.46,28,-318.8,-169.0,0.598,127-130
149,258.0,206.72,75.97,3.46,28,-364.8,-317.0,0.618,129-129
150,270.0,159.61,79.35,3.46,28,-349.6,-231.0,0.669,135-135
151,297.36,232.02,205.2,3.46,28,-285.0,-104.0,0.619,146-150
152,309.21,187.47,135.29,3.46,28,-318.0,-84.0,0.555,154-156
153,329.86,98.33,143.23,3.46,28,-348.6,-233.0,0.466,161-168
154,366.07,241.32,101.31,3.46,28,-258.7,-82.0,0.539,179-186
155,401.0,177.99,197.97,3.46,28,-274.5,22.0,0.416,196-205
156,436.79,146.93,129.08,3.46,28,-354.5,-212.0,0.438,215-223
157,576.86,183.98,246.79,3.46,28,-287.1,-52.0,0.524,287-290
158,156.0,130.79,258.63,3.42,27,-358.8,-296.0,0.742,78-78
159,186.59,241.28,211.97,3.42,27,-291.7,-68.0,0.494,87-98
160,222.0,202.88,222.84,3.42,27,-355.7,-315.0,0.608,111-111
161,268.0,181.68,89.12,3.42,27,-365.3,-312.0,0.68,134-134
162,331.85,143.55,48.27,3.42,27,-277.8,32.0,0.602,165-169
163,332.3,124.26,73.73,3.42,27,-299.3,-42.0,0.632,166-167
164,356.22,239.46,209.87,3.42,27,-278.4,-117.0,0.576,175-181
165,517.85,186.48,105.25,3.42,27,-225.9,6.0,0.607,257-261
166,134.69,136.4,241.81,3.38,26,-216.4,-19.0,0.617,66-69
167,165.0,243.3,218.91,3.38,26,-204.8,120.0,0.609,80-85
168,189.38,229.57,263.09,3.38,26,-311.9,-144.0,0.535,91-98
169,206.15,211.33,185.69,3.38,26,-295.4,-75.0,0.522,102-105
170,228.0,180.23,207.86,3.38,26,-347.2,-296.0,0.595,114-114
171,239.15,229.28,57.66,3.38,26,-324.9,-171.0,0.583,118-122
172,290.92,169.35,294.7,3.38,26,-361.9,-324.0,0.438,142-150
173,355.31,118.59,62.02,3.38,26,-282.3,-103.0,0.577,175-180
174,475.08,238.27,234.82,3.38,26,-335.4,-222.0,0.514,235-241
175,494.62,181.5,220.32,3.38,26,-269.9,-85.0,0.597,245-250
176,526.54,174.05,195.3,3.38,26,-237.0,104.0,0.463,257-268
177,525.23,110.04,179.22,3.38,26,-324.2,-211.0,0.526,262-263
178,198.56,104.55,238.98,3.33,25,-223.2,34.0,0.594,98-101
179,225.36,92.83,98.57,3.33,25,-369.1,-329.0,0.494,109-116
180,218.0,209.09,218.17,3.33,25,-357.4,-323.0,0.853,109-109
181,220.96,195.44,199.52,3.33,25,-332.3,-234.0,0.651,110-111
182,264.0,194.94,83.09,3.33,25,-357.6,-313.0,0.783,132-132
183,277.12,211.59,194.86,3.33,25,-210.5,114.0,0.695,137-140
184,280.72,215.2,59.31,3.33,25,-329.2,-201.0,0.559,139-141
185,294.0,182.78,282.76,3.33,25,-239.5,0.0,0.577,144-150
186,311.44,163.06,26.79,3.33,25,-350.7,-325.0,0.457,152-160
187,320.72,100.44,201.89,3.33,25,-259.2,-7.0,0.509,156-165
188,357.84,99.14,94.08,3.33,25,-238.6,186.0,0.577,176-182
189,390.32,182.95,130.29,3.33,25,-209.6,169.0,0.635,193-197
190,461.84,141.36,215.2,3.33,25,-248.0,51.0,0.583,229-233
191,492.56,139.39,133.66,3.33,25,-356.3,-280.0,0.555,244-249
192,492.72,160.25,200.37,3.33,25,-305.6,-131.0,0.551,244-248
193,502.72,152.77,201.09,3.33,25,-286.9,-15.0,0.588,250-253
194,688.72,199.03,118.85,3.33,25,-326.8,-170.0,0.592,343-345
195,691.92,193.69,108.39,3.33,25,-338.4,-217.0,0.656,345-346
196,47.0,127.65,255.6,3.29,24,-362.0,-322.0,0.735,23-24
197,222.0,181.7,242.62,3.29,24,-341.9,-242.0,0.798,111-111
198,224.33,184.16,196.47,3.29,24,-292.3,-76.0,0.667,112-113
199,248.58,185.07,204.59,3.29,24,-284.4,-54.0,0.604,122-126
200,268.0,166.79,72.09,3.29,24,-359.8,-329.0,0.65,134-134
201,293.33,111.5,74.92,3.29,24,-277.0,-28.0,0.615,144-149
202,445.83,122.04,75.41,3.29,24,-336.8,-218.0,0.549,222-224
203,665.0,209.58,212.43,3.29,24,-357.0,-304.0,0.583,332-333
204,686.58,204.39,110.9,3.29,24,-319.6,-168.0,0.568,342-344
205,217.57,229.5,221.51,3.24,23,-285.2,-77.0,0.548,106-111
206,238.0,161.99,197.42,3.24,23,-359.3,-240.0,0.818,119-119
207,250.09,242.53,212.13,3.24,23,-309.7,-133.0,0.531,122-128
208,248.35,97.14,130.79,3.24,23,-324.6,-188.0,0.722,123-125
209,256.09,186.56,194.07,3.24,23,-309.3,-56.0,0.539,124-130
210,280.78,222.94,56.48,3.24,23,-326.6,-213.0,0.533,138-143
211,405.22,222.45,212.32,3.24,23,-266.3,9.0,0.616,201-204
212,468.09,186.1,46.92,3.24,23,-317.6,-144.0,0.579,232-236
213,510.17,170.44,266.31,3.24,23,-240.5,21.0,0.668,254-257
214,223.45,170.74,252.76,3.2,22,-253.7,-78.0,0.64,111-113
215,236.0,166.47,195.38,3.2,22,-353.5,-267.0,0.718,118-118
216,295.55,190.09,244.26,3.2,22,-233.4,133.0,0.613,145-150
217,297.55,89.1,103.23,3.2,22,-358.2,-327.0,0.496,146-154
218,380.82,157.72,214.61,3.2,22,-339.0,-126.0,0.545,189-192
219,420.91,193.8,194.31,3.2,22,-342.8,-226.0,0.511,207-215
220,440.36,155.22,102.8,3.2,22,-295.6,-102.0,0.664,219-221
221,456.18,136.87,59.08,3.2,22,-301.7,-163.0,0.642,227-230
222,509.64,176.55,153.16,3.2,22,-80.8,295.0,0.546,254-257
223,554.18,142.45,66.86,3.2,22,-296.5,-142.0,0.557,275-281
224,554.27,174.48,123.08,3.2,22,-291.7,-103.0,0.638,275-279
225,688.82,178.33,133.73,3.2,22,-305.4,-144.0,0.631,344-346
226,688.0,199.15,101.7,3.2,22,-343.1,-276.0,0.831,344-344
227,58.0,118.17,250.05,3.15,21,-359.7,-330.0,0.76,29-29
228,67.14,121.17,247.71,3.15,21,-276.3,-50.0,0.577,33-36
229,220.0,175.37,250.17,3.15,21,-359.3,-245.0,0.708,110-110
230,234.0,144.37,35.45,3.15,21,-291.5,-134.0,0.526,113-121
231,250.0,203.29,108.23,3.15,21,-350.3,-296.0,0.708,125-125
232,322.86,120.04,256.7,3.15,21,-269.1,-80.0,0.681,159-163
233,328.0,200.83,253.7,3.15,21,-288.7,-31.0,0.603,162-166
234,379.9,113.22,130.1,3.15,21,-337.3,-204.0,0.624,189-191
235,400.1,168.43,212.55,3.15,21,-251.6,31.0,0.599,197-203
236,408.48,162.59,207.68,3.15,21,-210.0,169.0,0.536,202-206
237,422.95,171.16,221.06,3.15,21,-252.1,-74.0,0.687,210-213
238,494.76,188.96,269.25,3.15,21,-288.0,-131.0,0.618,245-250
239,643.24,184.93,231.48,3.15,21,-289.3,-99.0,0.534,318-326
240,670.29,196.59,81.26,3.15,21,-298.3,-51.0,0.733,335-336
241,71.7,126.23,258.72,3.1,20,-283.0,-130.0,0.531,34-39
242,209.1,110.19,240.78,3.1,20,-224.8,-28.0,0.601,102-107
243,222.0,197.57,214.11,3.1,20,-351.4,-301.0,0.831,111-111
244,227.2,238.38,201.37,3.1,20,-271.5,-104.0,0.667,112-116
245,260.9,209.13,235.11,3.1,20,-310.5,-223.0,0.773,130-131
246,264.0,140.31,125.11,3.1,20,-350.8,-324.0,0.707,132-132
247,321.0,212.68,210.96,3.1,20,-259.0,4.0,0.681,159-162
248,361.4,99.87,113.24,3.1,20,-216.1,6.0,0.747,179-182
249,365.3,175.42,110.53,3.1,20,-287.8,-64.0,0.649,181-184
250,374.6,148.38,224.48,3.1,20,-232.4,-32.0,0.56,185-189
251,408.0,153.8,121.37,3.1,20,-239.6,1.0,0.6,202-207
252,446.0,151.68,204.61,3.1,20,-218.3,-21.0,0.526,220-225
253,454.8,185.95,137.16,3.1,20,-331.4,-167.0,0.587,226-229
254,465.4,151.56,94.83,3.1,20,-277.5,-130.0,0.52,228-236
255,521.6,159.47,97.54,3.1,20,-335.5,-189.0,0.542,258-262
256,554.9,212.37,127.51,3.1,20,-289.1,-70.0,0.612,275-281
257,641.4,204.7,84.33,3.1,20,-294.0,-166.0,0.558,318-324
258,678.9,192.93,222.58,3.1,20,-348.0,-321.0,0.645,339-340
259,222.0,187.77,242.63,3.04,19,-358.7,-306.0,0.744,111-111
260,230.74,101.29,60.63,3.04,19,-275.3,66.0,0.634,113-117
261,238.11,171.57,24.3,3.04,19,-363.9,-321.0,0.508,114-124
262,230.84,225.74,205.67,3.04,19,-320.8,-202.0,0.663,114-117
263,258.0,205.61,87.69,3.04,19,-339.7,-257.0,0.963,129-129
264,267.79,218.89,193.01,3.04,19,-232.2,-40.0,0.631,132-135
265,271.47,142.64,290.18,3.04,19,-265.0,-84.0,0.561,133-140
266,268.53,178.49,280.9,3.04,19,-293.8,-136.0,0.629,133-137
267,268.0,149.33,83.19,3.04,19,-357.2,-311.0,0.736,134-134
268,270.0,166.09,78.11,3.04,19,-350.2,-271.0,0.736,135-135
269,294.42,146.61,80.8,3.04,19,-143.3,163.0,0.621,144-150
270,314.32,195.54,200.23,3.04,19,-259.9,-28.0,0.771,156-158
271,369.26,172.91,123.46,3.04,19,-182.4,41.0,0.516,182-190
272,493.16,194.52,196.52,3.04,19,-348.9,-262.0,0.579,245-249
273,528.53,205.97,129.82,3.04,19,-270.3,-78.0,0.567,261-267
274,526.32,198.78,144.19,3.04,19,-190.6,145.0,0.605,262-266
275,553.58,184.95,114.84,3.04,19,-263.9,-50.0,0.655,274-279
276,575.79,209.61,90.9,3.04,19,-316.2,-148.0,0.593,286-289
277,618.0,149.2,88.57,3.04,19,-356.6,-315.0,0.805,309-309
278,642.95,176.81,183.7,3.04,19,-280.5,12.0,0.668,320-323
279,685.47,171.14,130.12,3.04,19,-282.4,-70.0,0.627,342-343
280,696.0,178.42,118.25,3.04,19,-318.5,-132.0,0.661,348-348
